k,n,true_jaccard,fast_avg_error,datasketch_avg_error,cmins_avg_error,rmins_avg_error,fast_avg_time,datasketch_avg_time,cmins_avg_time,rmins_avg_time,fast_speedup_vs_datasketch,fast_speedup_vs_cmins,fast_speedup_vs_rmins
32,100,0.4925373134328358,0.0770149253731343,0.08886194029850741,0.29621268656716426,0.07888059701492542,1.1744007933884858e-05,0.0020251919981092215,3.686400828883052e-05,3.0165999196469783e-05,0.005798960268877918,0.3185765324777011,0.38931274437145835
32,2500,0.4997000599880024,0.07318498800239953,0.06505998800239952,0.15098605278944227,0.07308900719856029,0.00010000800248235464,0.03728127999696881,0.0006439499999396503,0.000546980006620288,0.0026825259886593456,0.15530398709795354,0.18283666911390406
32,5000,0.4999250037498125,0.065625,0.07126199940002997,0.14680900329983493,0.09000299985000748,0.0001879280060529709,0.07231253001140431,0.0012394560081884264,0.0010813060076907278,0.002598830465803548,0.15162136034795148,0.17379724584561962
32,10000,0.4999250037498125,0.06251799910004498,0.07002399880005998,0.056848001349932537,0.07624400029998502,0.000289668005425483,0.14120462000602857,0.002315276002045721,0.002007369988132268,0.002051406005080542,0.12511165198859206,0.14430224977857767
32,20000,0.49998125023437207,0.07000449994375071,0.05875449994375069,0.06438099992500096,0.06625074999062511,0.000681249990593642,0.27670749999582767,0.004620962000917644,0.004177801997866481,0.002461985998225253,0.14742601009451226,0.16306421198073595
64,100,0.4925373134328358,0.04725746268656716,0.052667910447761146,0.2974626865671643,0.04799906716417915,1.2672008015215397e-05,0.0021472139912657438,3.676800755783916e-05,3.244800260290503e-05,0.0059016046219713195,0.3446476667325872,0.39053276006828497
64,2500,0.4997000599880024,0.040625,0.04878599280143971,0.15939955758848245,0.04872600479904019,9.75339999422431e-05,0.03652442600345239,0.0007296840031631291,0.0006073040002956986,0.0026703773505714757,0.1336660794528043,0.16060160956416134
64,5000,0.4999250037498125,0.04405650029998501,0.049375,0.14555600344982744,0.06748500074996253,0.00017469599610194563,0.07108634000178427,0.0013989600073546172,0.0012040260015055537,0.0024575185063341392,0.1248756184476563,0.14509320885387858
64,10000,0.4999250037498125,0.04469649955002249,0.055029998500074964,0.04744900254987257,0.05312500000000002,0.0002960939914919436,0.14483906399458646,0.0027249380154535175,0.002395633994601667,0.0020442964993408856,0.10866081716822612,0.12359734089563064
64,20000,0.49998125023437207,0.048437499999999974,0.047815499962500486,0.04907449985000189,0.04281100001874977,0.0006917319865897297,0.2797778399870731,0.005516031999140978,0.004961551995947957,0.002472433079838241,0.1254039111262325,0.13941846969550242
128,100,0.4925373134328358,0.026375932835820882,0.03513992537313428,0.29683768656716425,0.03757229477611943,1.879401272162795e-05,0.0028861579881049692,5.941399373114109e-05,4.9761994741857055e-05,0.0065117754464882795,0.3163229997073452,0.37767804162841284
128,2500,0.4997000599880024,0.032620257198560286,0.03828125,0.16314955758848246,0.04010825959808038,0.00010921798646450043,0.040917227999307214,0.0009423059970140457,0.0008063379977829755,0.002669242072467608,0.11590501048554025,0.13544938569780296
128,5000,0.4999250037498125,0.03515325014999251,0.0323527495500225,0.14586850344982744,0.036866000449977517,0.00018771998351439832,0.07915499599184841,0.0018419199995696545,0.0015824239933863282,0.002371549403321683,0.10191538370735817,0.11862812008599831
128,10000,0.4999250037498125,0.03094349970001499,0.03720849895005248,0.04619600269986506,0.040922500749962516,0.00031098000006750225,0.15225463800132275,0.0034222680027596653,0.002944161999039352,0.0020424993560117398,0.09086956363929788,0.1056259812364169
128,20000,0.49998125023437207,0.03250149998125023,0.03656699994375069,0.04141899984062697,0.042025250074999076,0.0007218560064211488,0.3064002720080316,0.007081483991350978,0.006318761997390538,0.002355924822423875,0.10193569699554399,0.11424010062718835
256,100,0.4925373134328358,0.020240205223880592,0.0287336753731343,0.2961345615671643,0.023309235074626865,2.9170019552111625e-05,0.0042993159987963735,9.897799231112003e-05,8.434799034148454e-05,0.0067848047364459825,0.29471217662630256,0.3458294552604776
256,2500,0.4997000599880024,0.025925502399520094,0.02942912979904019,0.16385268258848246,0.026760882198560286,0.0001055139978416264,0.04508712399983779,0.0013482239935547113,0.0011375719984062017,0.002340224624706735,0.07826147461107665,0.09275368766940209
256,5000,0.4999250037498125,0.02279750074996251,0.023287249700014997,0.14274650329983493,0.026631625449977516,0.00019883600296452642,0.08557104401756079,0.0026226279977709056,0.0022477219928987323,0.0023236365203598724,0.07581555719435866,0.08846111912091999
256,10000,0.4999250037498125,0.018110000749962506,0.030231375149992506,0.04501812799985006,0.028278250149992506,0.00033111399970948697,0.16973876599920915,0.005160709999036044,0.0043783460045233365,0.0019507270349251255,0.06416055150770629,0.07562536157887202
256,20000,0.49998125023437207,0.02249850001874977,0.02765999995312558,0.03736099978437766,0.02788387508437395,0.0007674140017479658,0.3356036340002902,0.010159994007553906,0.008924636007286608,0.002286667735389606,0.07553291873768796,0.08598826900294902
512,100,0.4925373134328358,0.011654617537313432,0.019949860074626864,0.2956267490671643,0.016796875,4.20999969355762e-05,0.006489969997201115,0.00015546201961115003,0.00013258200837299228,0.006486932444022449,0.2708056735714548,0.31753929098084327
512,2500,0.4997000599880024,0.017307757198560286,0.019050502399520094,0.15955580758848245,0.020438896595680857,0.00011686201440170408,0.05354787399759516,0.0021288360143080355,0.0017859320039860904,0.0021823838310920125,0.054894793970163704,0.06543475011415623
512,5000,0.4999250037498125,0.015297500749962506,0.016219937050022497,0.14509025329983494,0.020573938099970004,0.00019972200039774179,0.10154513399815186,0.004186385998036712,0.0035638540145009755,0.001966829847320668,0.04770749770599399,0.056041016154166914
512,10000,0.4999250037498125,0.017494000299985,0.021036688399955004,0.04427594049985007,0.016667688099970004,0.00034499199595302345,0.2030238079978153,0.008295311995316296,0.007202206002548337,0.001699268668809206,0.04158879089150752,0.04790087867952623
512,20000,0.49998125023437207,0.01909931252812466,0.01882962498125023,0.03564299977500278,0.01772912506562418,0.0008134120120666922,0.4074001739895903,0.016760993988718838,0.014533730000257492,0.0019965922058920774,0.04853005809883159,0.05596718888078154
