k,n,true_jaccard,fast_avg_error,kmins_avg_error,datasketch_avg_error,cmins_avg_error,fast_avg_time,kmins_avg_time,datasketch_avg_time,cmins_avg_time,fast_speedup_vs_kmins,fast_speedup_vs_datasketch,fast_speedup_vs_cmins,kmins_speedup_vs_cmins,datasketch_speedup_vs_cmins
16,100,0.4925373134328358,0.0811940298507463,0.09964552238805972,0.11470149253731343,0.10809701492537314,8.060800842940808e-05,0.0009235400054603815,0.001773028012830764,0.0009374799975194037,0.08728155570177522,0.045463471443246806,0.08598371020469657,0.9851303578786664,1.8912702324553505
16,1250,0.4997000599880024,0.09127399520095981,0.10125000000000003,0.085,0.07883398320335934,0.0008378419978544116,0.011075618008617312,0.017438059996347875,0.011259147999808192,0.07564742637408893,0.04804674361883629,0.0744143338260306,0.9836994778651097,1.5487903699858059
16,2500,0.4997000599880024,0.09389397120575886,0.0912859928014397,0.08759598080383924,0.09260797840431913,0.0015684540010988712,0.021061473998706788,0.03264105799375102,0.021239538004156202,0.07447028641942045,0.048051567488993294,0.07384595657362945,0.9916163898944238,1.5368064026328512
16,5000,0.4999250037498125,0.0862709989500525,0.09499100044997749,0.0987589995500225,0.08875899955002248,0.0031093619973398745,0.042660684005822985,0.06489390399307013,0.042964483990799635,0.07288589177134293,0.04791454676038471,0.07237051882214411,0.992929043787848,1.5104080851283221
16,10000,0.4999250037498125,0.09500899955002248,0.08376499925003747,0.08877699865006751,0.10125299985000753,0.00637609998928383,0.08579249400412664,0.1338367119873874,0.0910711419931613,0.07432002138761858,0.047640889368865444,0.07001229862432848,0.9420381926315249,1.4695842070085983
16,20000,0.49998125023437207,0.09875524993437584,0.09625224997187536,0.10000449994375069,0.1025029999625005,0.013279905989766121,0.17914848999120295,0.2675461340066977,0.1772809200012125,0.07412792589219272,0.04963594797984887,0.0749088282578593,1.010534523342826,1.5091648554444992
32,100,0.4925373134328358,0.06396455223880598,0.0824440298507463,0.08886194029850741,0.07,0.00013197599444538354,0.001705309993121773,0.0018982100021094084,0.0008811740018427372,0.07739120451864928,0.06952655096049629,0.14977290996941742,1.9352704341657587,2.1541829401909447
32,1250,0.4997000599880024,0.06188699760047991,0.08313699760047989,0.05627399520095981,0.0650239952009598,0.0008330640057101846,0.021967130007687956,0.01814311000518501,0.011088989989366383,0.03792320641880085,0.045916273751970216,0.07512532760053338,1.9809856469122074,1.6361372877586748
32,2500,0.4997000599880024,0.07194698560287943,0.078125,0.06505998800239952,0.07252399520095981,0.001590220001526177,0.04384773999452591,0.03390330798225477,0.022715122003573923,0.03626686350823794,0.04690456761206043,0.07000710809635877,1.9303325770219086,1.4925435125076825
32,5000,0.4999250037498125,0.052502999850007476,0.066244000299985,0.07126199940002997,0.05688099970001499,0.0032968880073167383,0.08820436999667436,0.0687579399999231,0.04377964599989355,0.037377830683911054,0.04794919695558688,0.07530641082216048,2.0147346553896033,1.5705458193995057
32,10000,0.4999250037498125,0.0749970001499925,0.06875299985000749,0.07002399880005998,0.07625899955002248,0.006160816000774502,0.17188316200394183,0.1298290320066735,0.08519019800005481,0.03584304552550188,0.04745329997113298,0.07231836696483014,2.017640128079421,1.52399026008356
32,20000,0.49998125023437207,0.06688174991562608,0.07062649998125022,0.05875449994375069,0.06687799996250045,0.012417470016516744,0.3527240199968219,0.2613177380082197,0.1713602119940333,0.03520449221640371,0.047518664868154314,0.07246413780667542,2.058377588895044,1.524961570526761
64,100,0.4925373134328358,0.04284048507462686,0.05154850746268656,0.052667910447761146,0.05471548507462686,0.00024204599903896452,0.0033052679966203867,0.002071954004932195,0.0008610899932682514,0.0732303702109647,0.1168201603234361,0.28109256980247016,3.838469872440745,2.406199144259163
64,1250,0.4997000599880024,0.04691099280143971,0.04566099280143972,0.04873800239952009,0.04257198560287943,0.000831214003264904,0.04315663000568747,0.01772946600569412,0.010864921999163925,0.01926040108218276,0.04688319450782925,0.07650436913664611,3.9721067495016027,1.631807941838739
64,2500,0.4997000599880024,0.0425,0.05378599280143972,0.04878599280143971,0.0496875,0.0016538759879767895,0.08658529400127009,0.03534874399891123,0.022052482012659313,0.019101118810690064,0.046787404611256626,0.07499727182760542,3.926328743928482,1.6029372103611352
64,5000,0.4999250037498125,0.04654150104994752,0.04000299985000749,0.049375,0.04970249925003748,0.0033603339944966136,0.17561935200821607,0.0703479080204852,0.04589845800306648,0.019134189689638564,0.04776736208727187,0.07321235049491444,3.826258215395448,1.5326856517878062
64,10000,0.4999250037498125,0.04623500074996252,0.057184500149992504,0.055029998500074964,0.04999999999999999,0.006873680013231933,0.35108887400943783,0.14223428399767726,0.09091582199325784,0.019578176701341887,0.048326464056613685,0.07560488221446948,3.8616916870143236,1.5644612882477718
64,20000,0.49998125023437207,0.046877999962500486,0.0459412499531256,0.047815499962500486,0.04594049996250045,0.013529969989322125,0.7299223639885895,0.2890629819920287,0.17880763600580393,0.01853617680021328,0.04680630461943838,0.07566774155485706,4.082165506426676,1.6166143037797667
128,100,0.4925373134328358,0.023736007462686563,0.03424673507462686,0.03513992537313428,0.04052472014925373,0.0005228460067883134,0.007365554007701575,0.0030866160127334297,0.0010294819925911725,0.07098529265301902,0.16939133492192768,0.5078729016641924,7.1546215093696945,2.998222440942865
128,1250,0.4997000599880024,0.03424274520095981,0.03360574760047991,0.03140625,0.03319698560287943,0.0009131040121428669,0.08932720002019778,0.020912445981521158,0.012180075987707824,0.010222015376463214,0.043663185690937925,0.07496702098282267,7.333878713921581,1.7169388764590692
128,2500,0.4997000599880024,0.03636997600479905,0.03502399520095981,0.03828125,0.03426674040191962,0.001700107993092388,0.17193366600433366,0.03924363198922947,0.022754652008879928,0.009888162293064443,0.0433218819695126,0.0747147437117002,7.555978704365029,1.7246421511484673
128,5000,0.4999250037498125,0.031866000449977505,0.0362529998500075,0.0323527495500225,0.032331750599970004,0.0034993819962255658,0.3609947139932774,0.07912150000687689,0.04890017800498754,0.009693720878945426,0.04422795315965212,0.07156174351489372,7.3822781167884095,1.618020695114994
128,10000,0.4999250037498125,0.03829624925003748,0.039693499700015004,0.03720849895005248,0.037971749850007494,0.006478092002216726,0.6956793780182489,0.151767566006165,0.09360306801274419,0.00931189310321456,0.0426842979214253,0.06920811614139319,7.432228374432461,1.6213952088141133
128,20000,0.49998125023437207,0.02828274998125023,0.032972499953125574,0.03656699994375069,0.03015550000937488,0.014116432000882924,1.5687456059991383,0.3145800939900801,0.20078187400009484,0.008998547595543466,0.044873888305622,0.07030730274425198,7.813183405183265,1.5667753653396594
256,100,0.4925373134328358,0.016953125,0.025496735074626863,0.0287336753731343,0.039018190298507435,0.0011010119970887898,0.014141138021368533,0.003974797993432731,0.0009648219938389957,0.07785879717919884,0.27699822705654775,1.1411555749345001,14.656732652933625,4.119721584721693
256,1250,0.4997000599880024,0.023972377399520094,0.023996372600479904,0.026628627399520096,0.020216238002399526,0.0015472079999744892,0.17547490199794993,0.022630355996079744,0.011884631987195462,0.00881726094363378,0.06836869911558227,0.13018560453882422,14.764857859040744,1.9041696890961164
256,2500,0.4997000599880024,0.02468136060287943,0.023900391796640667,0.02942912979904019,0.02299274520095981,0.0019866940029896795,0.3546763079916127,0.044039745994377884,0.024563136014621706,0.005601428565216317,0.04511138650171372,0.08088112209316675,14.439374018874643,1.7929203326546874
256,5000,0.4999250037498125,0.022803500449977507,0.02061000074996251,0.023287249700014997,0.020228375299985002,0.0035575499897822736,0.7170130039937794,0.08604033398907632,0.0502777799917385,0.004961625479547283,0.041347468388883056,0.07075789723346655,14.26103149565468,1.711299385199868
256,10000,0.4999250037498125,0.025706124850007502,0.026015625000000007,0.030231375149992506,0.02625,0.006614929996430874,1.414886578009464,0.16281835400732234,0.09924623798578977,0.004675236940714429,0.04062766778819902,0.06665169512398052,14.256324539092853,1.640549378109777
256,20000,0.49998125023437207,0.024610124990625114,0.023907749981250226,0.02765999995312558,0.022652500046874417,0.014144405988045037,2.8916436680057087,0.3237522440031171,0.19042706398759038,0.004891476133295519,0.04368898208442643,0.07427728859468626,15.185045693894379,1.70013777046006
512,100,0.4925373134328358,0.011607392723880592,0.018178055037313432,0.019949860074626864,0.038887010261194004,0.002536495996173471,0.028975626002065838,0.006659269996453077,0.001099833990447223,0.08753895415383363,0.3808970048555598,2.306253505715041,26.345454181029215,6.054795591237577
512,1250,0.4997000599880024,0.012986886997600476,0.015910435100479906,0.017160435100479904,0.016057757198560285,0.003187170000746846,0.3537007219996303,0.029108755993656813,0.013120250010397285,0.009010923084149592,0.10949179695076537,0.24291991373801097,26.958382783814052,2.2186129052868093
512,2500,0.4997000599880024,0.015090122600479905,0.016971261997600476,0.019050502399520094,0.014107420703359335,0.0037002239935100077,0.6972997200093232,0.05246259000618011,0.025321457991376518,0.005306504344301952,0.07053071518341203,0.14612997382576298,27.537897709002213,2.0718629244827365
512,5000,0.4999250037498125,0.015378625599970004,0.0165985626499925,0.016219937050022497,0.012415875299985002,0.00369905999628827,1.3967273120139725,0.09610845397692173,0.04991186399944127,0.0026483766476611045,0.03848839350986247,0.07411183834628333,27.983873974925242,1.925563308515138
512,10000,0.4999250037498125,0.0169951873500075,0.0169891876499925,0.021036688399955004,0.0177704376499925,0.006937289987690747,2.7747916359920053,0.18849829600192605,0.10046616200590507,0.0025001120436239973,0.03680293209451539,0.06905101030218509,27.61916630028041,1.8762366575807559
512,20000,0.49998125023437207,0.017890624999999997,0.01820237500937488,0.01882962498125023,0.017651750056249305,0.014463523980230092,5.756801326007117,0.3764451199956238,0.2056727260001935,0.002512423681340052,0.038421334776230415,0.07032300422865248,27.99010563025114,1.8303113267204403
